INSERT INTO TURNO (COD_TURNO, FECHA_TURNO, HORARIO) VALUES (1, '2024-07-01', '10:00:00');
INSERT INTO TURNO (COD_TURNO, FECHA_TURNO, HORARIO) VALUES (2, '2024-07-01', '11:00:00');
INSERT INTO TURNO (COD_TURNO, FECHA_TURNO, HORARIO) VALUES (3, '2024-07-01', '12:00:00');
INSERT INTO TURNO (COD_TURNO, FECHA_TURNO, HORARIO) VALUES (4, '2024-07-01', '13:00:00');

INSERT INTO AREA (COD_AREA, UBICACION, CAPACIDAD, MANTENIMIENTO, ACTIVIDADES) VALUES (1, 'Piscina', 50, 'Mensual', 'NATACION');
INSERT INTO AREA (COD_AREA, UBICACION, CAPACIDAD, MANTENIMIENTO, ACTIVIDADES) VALUES (2, 'Sala de Yoga', 30, 'Semanal', 'YOGA');
INSERT INTO AREA (COD_AREA, UBICACION, CAPACIDAD, MANTENIMIENTO, ACTIVIDADES) VALUES (3, 'Gimnasio', 100, 'Mensual', 'ZUMBA, PILATES');
INSERT INTO AREA (COD_AREA, UBICACION, CAPACIDAD, MANTENIMIENTO, ACTIVIDADES) VALUES (4, 'Cancha de Futbol', 22, 'Diario', 'FUTBOL');
INSERT INTO AREA (COD_AREA, UBICACION, CAPACIDAD, MANTENIMIENTO, ACTIVIDADES) VALUES (5, 'Cancha de Hockey', 22, 'Diario', 'HOCKEY');
INSERT INTO AREA (COD_AREA, UBICACION, CAPACIDAD, MANTENIMIENTO, ACTIVIDADES) VALUES (6, 'Sala de Patin', 30, 'Mensual', 'PATIN ARTISTICO');
INSERT INTO AREA (COD_AREA, UBICACION, CAPACIDAD, MANTENIMIENTO, ACTIVIDADES) VALUES (7, 'Cancha de Tenis', 10, 'Semanal', 'TENIS');
INSERT INTO AREA (COD_AREA, UBICACION, CAPACIDAD, MANTENIMIENTO, ACTIVIDADES) VALUES (8, 'Sala de MMA', 20, 'Diario', 'MMA');
INSERT INTO AREA (COD_AREA, UBICACION, CAPACIDAD, MANTENIMIENTO, ACTIVIDADES) VALUES (9, 'Sala de Voley', 40, 'Semanal', 'VOLEY');
INSERT INTO AREA (COD_AREA, UBICACION, CAPACIDAD, MANTENIMIENTO, ACTIVIDADES) VALUES (10, 'Sala de Canto', 30, 'Mensual', 'CANTO');
INSERT INTO AREA (COD_AREA, UBICACION, CAPACIDAD, MANTENIMIENTO, ACTIVIDADES) VALUES (11, 'Gimnasio Artistico', 25, 'Mensual', 'GIMNASIA ARTISTICA');

INSERT INTO CRONOGRAMA (COD_CRONOGRAMA, PERIODO, LEGAJO, COD_ACTIVIDAD, COD_AREA, COD_TURNO) VALUES (1, '2024-07-01', 1, 786584, 1, 1);
INSERT INTO CRONOGRAMA (COD_CRONOGRAMA, PERIODO, LEGAJO, COD_ACTIVIDAD, COD_AREA, COD_TURNO) VALUES (2, '2024-07-01', 2, 807376, 3, 2);
INSERT INTO CRONOGRAMA (COD_CRONOGRAMA, PERIODO, LEGAJO, COD_ACTIVIDAD, COD_AREA, COD_TURNO) VALUES (3, '2024-07-01', 3, 867976, 9, 3);
INSERT INTO CRONOGRAMA (COD_CRONOGRAMA, PERIODO, LEGAJO, COD_ACTIVIDAD, COD_AREA, COD_TURNO) VALUES (4, '2024-07-01', 4, 846978, 7, 4);
INSERT INTO CRONOGRAMA (COD_CRONOGRAMA, PERIODO, LEGAJO, COD_ACTIVIDAD, COD_AREA, COD_TURNO) VALUES (5, '2024-07-01', 5, 727967, 5, 1);
INSERT INTO CRONOGRAMA (COD_CRONOGRAMA, PERIODO, LEGAJO, COD_ACTIVIDAD, COD_AREA, COD_TURNO) VALUES (6, '2024-07-01', 6, 806584, 6, 2);
INSERT INTO CRONOGRAMA (COD_CRONOGRAMA, PERIODO, LEGAJO, COD_ACTIVIDAD, COD_AREA, COD_TURNO) VALUES (7, '2024-07-01', 7, 777765, 8, 3);

INSERT INTO CRONOGRAMA (COD_CRONOGRAMA, PERIODO, LEGAJO, COD_ACTIVIDAD, COD_AREA, COD_TURNO) VALUES (8, '2024-07-01', 8, 897971, 2, 4);
INSERT INTO CRONOGRAMA (COD_CRONOGRAMA, PERIODO, LEGAJO, COD_ACTIVIDAD, COD_AREA, COD_TURNO) VALUES (9, '2024-07-01', 9, 908577, 3, 1);
INSERT INTO CRONOGRAMA (COD_CRONOGRAMA, PERIODO, LEGAJO, COD_ACTIVIDAD, COD_AREA, COD_TURNO) VALUES (10, '2024-07-01', 10, 708584, 4, 2);
INSERT INTO CRONOGRAMA (COD_CRONOGRAMA, PERIODO, LEGAJO, COD_ACTIVIDAD, COD_AREA, COD_TURNO) VALUES (11, '2024-07-01', 11, 717377, 11, 3);
INSERT INTO CRONOGRAMA (COD_CRONOGRAMA, PERIODO, LEGAJO, COD_ACTIVIDAD, COD_AREA, COD_TURNO) VALUES (12, '2024-07-01', 12, 676578, 10, 4);

